Item,Name,Alias,Slave Station ID,Data Address,Type,Function Code,Arithmetic,Parameter A,Parameter B,Sampling Frequency,Reported,Writable,Big Endian,Changing Upload,BCD,,
1,Unit ON/OFF,Unit ON/OFF,1,2000,Bool,10,0,,,180000,1,1,0,0,0,,
2,Working mode,Working mode,1,2001,Int16,10,0,,,180000,1,1,0,0,0,,"0: Cooling mode
1: Floor heating mode
2: Fan coil heating mode
5: Hot water mode"
3,Cooling setting temp.,Cooling setting temp.,1,2002,Int16,10,0,,,180000,1,1,0,0,0,,
4,Heating setting temp.,Heating setting temp.,1,2003,Int16,10,0,,,180000,1,1,0,0,0,,
5,Hot water setting temp.,Hot water setting temp.,1,2004,Int16,10,0,,,180000,1,1,0,0,0,,
6,Cooling inlet/outlet temp. difference,Cooling inlet/outlet temp. difference,1,2005,Int16,10,0,,,180000,1,1,0,0,0,,
7,Heating inlet/outlet temp. difference,Heating inlet/outlet temp. difference,1,2006,Int16,10,0,,,180000,1,1,0,0,0,,
8,Hot water inlet/outlet temp. difference,Hot water inlet/outlet temp. difference,1,2007,Int16,10,0,,,180000,1,1,0,0,0,,
9,Reserved 1,Reserved 1,1,2008,Int16,3,0,,,180000,1,1,0,0,0,,
10,Master valve reset initial opening,Master valve reset initial opening,1,2009,Int16,3,0,,,180000,1,1,0,0,0,,
11,Reserved 2,Reserved 3,1,2010,Int16,3,0,,,180000,1,1,0,0,0,,
12,Water tank temp.,Water tank temp.,1,2100,Int16,3,0,,,180000,1,0,0,0,0,,
13,Reserved 3,Reserved 3,1,2101,Int16,3,0,,,180000,1,0,0,0,0,,
14,Outlet water temp.,Outlet water temp.,1,2102,Int16,3,0,,,180000,1,0,0,0,0,,
15,Inlet water temp.,Inlet water temp.,1,2103,Int16,3,0,,,180000,1,0,0,0,0,,
16,Discharge temp.,Discharge temp.,1,2104,Int16,3,0,,,180000,1,0,0,0,0,,
17,Suction temp.,Suction temp.,1,2105,Int16,3,0,,,180000,1,0,0,0,0,,
18,EVI suction temp.,EVI suction temp.,1,2106,Int16,3,0,,,180000,1,0,0,0,0,,
19,Outdoor coil temp.,Outdoor coil temp.,1,2107,Int16,3,0,,,180000,1,0,0,0,0,,
20,Indoor coil temp.,Indoor coil temp.,1,2108,Int16,3,0,,,180000,1,0,0,0,0,,
21,Indoor ambient temp.,Indoor ambient temp.,1,2109,Int16,3,0,,,180000,1,0,0,0,0,,
22,Outdoor coil temp.,Outdoor coil temp.,1,2110,Int16,3,0,,,180000,1,0,0,0,0,,
23,High pressure equivalent saturation temperature,High pressure equivalent saturation temperature,1,2111,Int16,3,0,,,180000,1,0,0,0,0,,
24,Low pressure equivalent saturation temperature,Low pressure equivalent saturation temperature,1,2112,Int16,3,0,,,180000,1,0,0,0,0,,
25,EVI low pressure equivalent saturation temperature,EVI low pressure equivalent saturation temperature,1,2113,Int16,3,0,,,180000,1,0,0,0,0,,
26,IPM temp.,IPM temp.,1,2114,Int16,3,0,,,180000,1,0,0,0,0,,
27,Temp. reserved 1,Temp. reserved 1,1,2115,Int16,3,0,,,180000,1,0,0,0,0,,
28,Temp. reserved 2,Temp. reserved 2,1,2116,Int16,3,0,,,180000,1,0,0,0,0,,
29,Temp. reserved 3,Temp. reserved 3,1,2117,Int16,3,0,,,180000,1,0,0,0,0,,
30,Compressor operating frequency,Compressor operating frequency,1,2118,Int16,3,0,,,180000,1,0,0,0,0,,
31,Fan motor speed,Fan motor speed,1,2119,Int16,3,0,,,180000,1,0,0,0,0,,
32,AC voltage,AC voltage,1,2120,Int16,3,0,,,180000,1,0,0,0,0,,
33,AC current,AC current,1,2121,Int16,3,0,,,180000,1,0,0,0,0,,
34,DC voltage,DC voltage,1,2122,Int16,3,1,10,,180000,1,0,0,0,0,,
35,DC current,DC current,1,2123,Int16,3,0,,,180000,1,0,0,0,0,,
36,Main electronic expansion valve opening,Main electronic expansion valve opening,1,2124,Int16,3,0,,,180000,1,0,0,0,0,,
37,Secondary electronic expansion valve opening,Secondary electronic expansion valve opening,1,2125,Int16,3,0,,,180000,1,0,0,0,0,,
38,High pressure,High pressure,1,2126,Int16,3,1,100,,180000,1,0,0,0,0,,
39,Low pressure,Low pressure,1,2127,Int16,3,1,100,,180000,1,0,0,0,0,,
40,Reserved 4,Reserved 4,1,2128,Int16,3,0,,,180000,1,0,0,0,0,,
41,Reserved 5,Reserved 5,1,2129,Int16,3,0,,,180000,1,0,0,0,0,,
42,Reserved 6,Reserved 6,1,2130,Int16,3,0,,,180000,1,0,0,0,0,,
43,Reserved 7,Reserved 7,1,2131,Int16,3,0,,,180000,1,0,0,0,0,,
44,Reserved 8,Reserved 8,1,2132,Int16,3,0,,,180000,1,0,0,0,0,,
45,Reserved 9,Reserved 9,1,2133,Int16,3,0,,,180000,1,0,0,0,0,,
46,Reserved 10,Reserved 10,1,2134,Int16,3,0,,,180000,1,0,0,0,0,,
47,Unit ON/OFF status,Unit ON/OFF status,1,2135,Bool,3,2,0x01,,180000,1,0,0,0,0,,1: ON 0: OFF
48,Compressor status,Compressor status,1,2135,Bool,3,2,0x02,,180000,1,0,0,0,0,,1: ON 0: OFF
49,High wind,High wind,1,2135,Bool,3,2,0x04,,180000,1,0,0,0,0,,1: ON 0: OFF
50,Medium wind,Medium wind,1,2135,Bool,3,2,0x08,,180000,1,0,0,0,0,,1: ON 0: OFF
51,Low wind,Low wind,1,2135,Bool,3,2,0x10,,180000,1,0,0,0,0,,1: ON 0: OFF
52,Water pump,Water pump,1,2135,Bool,3,2,0x20,,180000,1,0,0,0,0,,1: ON 0: OFF
53,Four-way valve,Four-way valve,1,2135,Bool,3,2,0x40,,180000,1,0,0,0,0,,1: ON 0: OFF
54,Back up heater,Back up heater,1,2135,Bool,3,2,0x80,,180000,1,0,0,0,0,,1: ON 0: OFF
55,Water flow switch,Water flow switch,1,2135,Bool,3,2,0x100,,180000,1,0,0,0,0,,1: connected 0: disconnected
56,High pressure switch,High pressure switch,1,2135,Bool,3,2,0x200,,180000,1,0,0,0,0,,1: connected 0: disconnected
57,Low pressure switch,Low pressure switch,1,2135,Bool,3,2,0x400,,180000,1,0,0,0,0,,1: connected 0: disconnected
58,Emergency switch,Emergency switch,1,2135,Bool,3,2,0x800,,180000,1,0,0,0,0,,1: connected 0: disconnected
59,AC online switch,AC online switch,1,2135,Bool,3,2,0x1000,,180000,1,0,0,0,0,,1: connected 0: disconnected
60,Mode switch,Mode switch,1,2135,Bool,3,2,0x2000,,180000,1,0,0,0,0,,1: connected 0: disconnected
61,Three-way valve 1,Three-way valve 1,1,2135,Bool,3,2,0x4000,,180000,1,0,0,0,0,,1: ON 0: OFF
62,Three-way valve 2,Three-way valve 2,1,2135,Bool,3,2,0x8000,,180000,1,0,0,0,0,,1: ON 0: OFF
63,Solenoid valve,Solenoid valve,1,2136,Bool,3,2,0x01,,180000,1,0,0,0,0,,1: ON 0: OFF
64,Unloading valve,Unloading valve,1,2136,Bool,3,2,0x02,,180000,1,0,0,0,0,,1: ON 0: OFF
65,Oil return valve,Oil return valve,1,2136,Bool,3,2,0x04,,180000,1,0,0,0,0,,1: ON 0: OFF
66,Reserved 11,Reserved 11,1,2136,Bool,3,2,0x08,,180000,1,0,0,0,0,,
67,Reserved 12,Reserved 12,1,2136,Bool,3,2,0x10,,180000,1,0,0,0,0,,
68,Defrosting operation status,Defrosting operation status,1,2136,Bool,3,2,0x20,,180000,1,0,0,0,0,,1: enter 0: exit
69,Refrigerant recovery status,Refrigerant recovery status,1,2136,Bool,3,2,0x40,,180000,1,0,0,0,0,,1: enter 0: exit
70,Oil return status,Oil return status,1,2136,Bool,3,2,0x80,,180000,1,0,0,0,0,,1: enter 0: exit
71,Wired controller connecting status,Wired controller connecting status,1,2136,Bool,3,2,0x100,,180000,1,0,0,0,0,,1: enter 0: exit
72,Energy-saving running status,Energy-saving running status,1,2136,Bool,3,2,0x200,,180000,1,0,0,0,0,,1: enter 0: exit
73,1st class antifreeze status,1st class antifreeze status,1,2136,Bool,3,2,0x400,,180000,1,0,0,0,0,,1: enter 0: exit
74,2nd class antifreeze status,2nd class antifreeze status,1,2136,Bool,3,2,0x800,,180000,1,0,0,0,0,,1: enter 0: exit
75,High temperature sterilization status,High temperature sterilization status,1,2136,Bool,3,2,0x1000,,180000,1,0,0,0,0,,1: enter 0: exit
76,Reserved 13,Reserved 13,1,2136,Bool,3,2,0x2000,,180000,1,0,0,0,0,,
77,Reserved 14,Reserved 14,1,2136,Bool,3,2,0x4000,,180000,1,0,0,0,0,,
78,Reserved 15,Reserved 15,1,2136,Bool,3,2,0x8000,,180000,1,0,0,0,0,,
79,Indoor EE error,Indoor EE error,1,2137,Bool,3,2,0x01,,180000,1,0,0,0,0,,1: error 0: normal
80,Outdoor EE error,Outdoor EE error,1,2137,Bool,3,2,0x02,,180000,1,0,0,0,0,,1: error 0: normal
81,Inlet water temp. sensor error,Inlet water temp. sensor error,1,2137,Bool,3,2,0x04,,180000,1,0,0,0,0,,1: error 0: normal
82,Outlet water temp. sensor error,Outlet water temp. sensor error,1,2137,Bool,3,2,0x08,,180000,1,0,0,0,0,,1: error 0: normal
83,Indoor coil temp. sensor error,Indoor coil temp. sensor error,1,2137,Bool,3,2,0x10,,180000,1,0,0,0,0,,1: error 0: normal
84,Outdoor coil temp. sensor error,Outdoor coil temp. sensor error,1,2137,Bool,3,2,0x20,,180000,1,0,0,0,0,,1: error 0: normal
85,Discharge temp. sensor error,Discharge temp. sensor error,1,2137,Bool,3,2,0x40,,180000,1,0,0,0,0,,1: error 0: normal
86,Suction temp. sensor error,Suction temp. sensor error,1,2137,Bool,3,2,0x80,,180000,1,0,0,0,0,,1: error 0: normal
87,Outdoor temp. sensor error,Outdoor temp. sensor error,1,2137,Bool,3,2,0x100,,180000,1,0,0,0,0,,1: error 0: normal
88,Indoor and outdoor unit connecting error,Indoor and outdoor unit connecting error,1,2137,Bool,3,2,0x200,,180000,1,0,0,0,0,,1: error 0: normal
89,Wired controller and board communication error,Wired controller and board communication error,1,2137,Bool,3,2,0x400,,180000,1,0,0,0,0,,1: error 0: normal
90,Compressor start error,Compressor start error,1,2137,Bool,3,2,0x800,,180000,1,0,0,0,0,,1: error 0: normal
91,Compressor drive error,Compressor drive error,1,2137,Bool,3,2,0x1000,,180000,1,0,0,0,0,,1: error 0: normal
92,IPM error,IPM error,1,2137,Bool,3,2,0x2000,,180000,1,0,0,0,0,,1: error 0: normal
93,Compressor housing top protection,Compressor housing top protection,1,2137,Bool,3,2,0x4000,,180000,1,0,0,0,0,,1: error 0: normal
94,AC voltage protection,AC voltage protection,1,2137,Bool,3,2,0x8000,,180000,1,0,0,0,0,,1: error 0: normal
95,AC current protection,AC current protection,1,2138,Bool,3,2,0x01,,180000,1,0,0,0,0,,1: error 0: normal
96,Compressor current protection,Compressor current protection,1,2138,Bool,3,2,0x02,,180000,1,0,0,0,0,,1: error 0: normal
97,Fan motor error,Fan motor error,1,2138,Bool,3,2,0x04,,180000,1,0,0,0,0,,1: error 0: normal
98,Bus voltage protection,Bus voltage protection,1,2138,Bool,3,2,0x08,,180000,1,0,0,0,0,,1: error 0: normal
99,IPM high temp. protection,IPM high temp. protection,1,2138,Bool,3,2,0x10,,180000,1,0,0,0,0,,1: error 0: normal
100,High discharge temp. protection,High discharge temp. protection,1,2138,Bool,3,2,0x20,,180000,1,0,0,0,0,,1: error 0: normal
101,High pressure protection,High pressure protection,1,2138,Bool,3,2,0x40,,180000,1,0,0,0,0,,1: error 0: normal
102,Low pressure protection,Low pressure protection,1,2138,Bool,3,2,0x80,,180000,1,0,0,0,0,,1: error 0: normal
103,Water flow protection,Water flow protection,1,2138,Bool,3,2,0x100,,180000,1,0,0,0,0,,1: error 0: normal
104,Cooling high outdoor coil temp. protection,Cooling high outdoor coil temp. protection,1,2138,Bool,3,2,0x200,,180000,1,0,0,0,0,,1: error 0: normal
105,Low ambient temp. protection,Low ambient temp. protection,1,2138,Bool,3,2,0x400,,180000,1,0,0,0,0,,1: error 0: normal
106,EEV low pressure protection,EEV low pressure protection,1,2138,Bool,3,2,0x800,,180000,1,0,0,0,0,,1: error 0: normal
107,EVI low pressure protection,EVI low pressure protection,1,2138,Bool,3,2,0x1000,,180000,1,0,0,0,0,,1: error 0: normal
108,Inlet and outlet water large temp. difference protection,Inlet and outlet water large temp. difference protection,1,2138,Bool,3,2,0x2000,,180000,1,0,0,0,0,,1: error 0: normal
109,Low outlet water temp. protection,Low outlet water temp. protection,1,2138,Bool,3,2,0x4000,,180000,1,0,0,0,0,,1: error 0: normal
110,Compressor running pressure difference protection,Compressor running pressure difference protection,1,2138,Bool,3,2,0x8000,,180000,1,0,0,0,0,,1: error 0: normal
